id,first_name,last_name,email,phone,address,hire_date,department,salary
1,Gregory,Clurow,gclurow0@princeton.edu,868-945-8847,4 Continental Pass,2/6/2022,Engineering,121565
2,Cordy,Stobbe,cstobbe1@jugem.jp,576-243-1708,441 1st Plaza,1/10/2022,Human Resources,61362
3,Rowland,Lavarack,rlavarack2@economist.com,559-459-7937,282 Lillian Parkway,3/15/2021,Human Resources,65542
4,Van,Pittet,vpittet3@reverbnation.com,795-939-1209,588 Carberry Court,4/15/2021,Marketing,72014
5,Blondell,Jorio,bjorio4@microsoft.com,683-244-1012,11452 Grim Way,7/25/2021,Research and Development,145098
6,Lucinda,Braiden,lbraiden5@merriam-webster.com,884-276-7171,14624 Ohio Park,6/6/2021,Training,106666
7,Thorndike,Klimaszewski,tklimaszewski6@zdnet.com,925-973-3157,8 Tony Plaza,10/29/2021,Product Management,68641
8,Stafani,Burde,sburde7@virginia.edu,294-428-2533,4 Memorial Alley,4/12/2021,Product Management,67905
9,Beryle,Bridgwater,bbridgwater8@twitpic.com,648-662-0068,75 Dennis Street,1/13/2022,Product Management,93798
10,Liva,Headington,lheadington9@mlb.com,328-998-5842,62513 Erie Way,5/10/2021,Engineering,98576
11,Melli,Denny,mdennya@shareasale.com,712-163-6682,86 Bultman Crossing,5/17/2021,Marketing,110229
12,Armando,Polgreen,apolgreenb@ftc.gov,295-395-2685,62 Mcbride Terrace,2/19/2022,Legal,82055
13,Webb,Brightman,wbrightmanc@yahoo.com,822-666-1361,1 Raven Plaza,8/4/2021,Business Development,118076
14,Augustus,Daniels,adanielsd@typepad.com,498-626-0686,8595 La Follette Avenue,11/8/2021,Engineering,144121
15,Carr,Arblaster,carblastere@sfgate.com,389-209-1116,6149 Village Green Road,5/16/2021,Services,131303
16,Reamonn,Lammenga,rlammengaf@unicef.org,176-337-1200,9 Dorton Pass,12/2/2021,Support,73147
17,Winfield,Eblein,webleing@patch.com,553-179-1265,43 Anhalt Avenue,9/13/2021,Legal,82647
18,Miles,Euels,meuelsh@photobucket.com,881-398-2613,75 Longview Terrace,12/13/2021,Human Resources,99721
19,Lexis,Burnsyde,lburnsydei@usda.gov,481-693-5837,03672 Blackbird Lane,9/15/2021,Accounting,145491
20,Talya,Fairweather,tfairweatherj@miitbeian.gov.cn,979-360-9405,62 Fairfield Crossing,6/24/2021,Research and Development,99922
21,Rosette,Kaas,rkaask@state.tx.us,258-699-4059,66538 Golf Course Junction,1/14/2022,Engineering,53919
22,Grethel,Siemens,gsiemensl@feedburner.com,452-134-2496,20818 Packers Road,10/2/2021,Engineering,145905
23,Murdock,Vost,mvostm@lycos.com,206-785-7590,3 Jay Avenue,8/5/2021,Accounting,143147
24,Engelbert,Yakunikov,eyakunikovn@apple.com,926-615-8635,017 Barby Circle,7/27/2021,Accounting,123670
25,Drake,Peplaw,dpeplawo@gravatar.com,543-976-7851,758 Comanche Lane,1/28/2022,Sales,128076
26,Elka,Vlies,evliesp@indiatimes.com,760-943-1333,576 Westend Point,8/12/2021,Sales,71900
27,Shaina,Bastistini,sbastistiniq@gov.uk,251-571-9630,5 Ridgeview Place,5/4/2021,Sales,115798
28,Samaria,Skegg,sskeggr@sbwire.com,500-299-7591,985 Barby Plaza,12/21/2021,Product Management,118879
29,Chryste,Craigheid,ccraigheids@eepurl.com,317-313-4477,97856 West Point,7/18/2021,Services,112399
30,Bevin,Skudder,bskuddert@github.io,412-643-7239,092 Muir Park,5/2/2021,Services,132934
31,Alberta,Mousley,amousleyu@wunderground.com,903-675-1388,1733 Corscot Court,3/2/2021,Legal,47226
32,Adara,Mattussevich,amattussevichv@lycos.com,324-339-0416,097 Bonner Point,10/27/2021,Legal,118361
33,Ingelbert,Manuello,imanuellow@amazon.com,518-805-6504,4 Memorial Point,6/8/2021,Marketing,98498
34,Alyda,Eaglen,aeaglenx@ft.com,334-892-0002,82185 Lake View Avenue,4/30/2021,Accounting,57798
35,Astra,Ofield,aofieldy@trellian.com,319-691-4349,86 Summer Ridge Junction,2/13/2022,Engineering,49035
36,Lanni,Calender,lcalenderz@usgs.gov,731-639-1571,550 Mallory Road,12/17/2021,Research and Development,59185
37,Valene,Sicely,vsicely10@google.com.hk,458-301-4156,76 Little Fleur Lane,11/30/2021,Services,53138
38,Loreen,Extence,lextence11@parallels.com,199-177-2807,41 Corben Crossing,2/28/2021,Business Development,111313
39,Laina,Ghio,lghio12@japanpost.jp,104-431-1050,519 Nevada Place,2/9/2022,Support,57681
40,Cornelle,Brannon,cbrannon13@plala.or.jp,960-808-9970,99 Hanover Way,5/8/2021,Engineering,135788
41,Belva,Farron,bfarron14@amazonaws.com,106-255-1409,015 Dwight Junction,11/9/2021,Sales,107920
42,Devina,Gossage,dgossage15@latimes.com,555-746-4239,537 Ohio Park,6/11/2021,Training,144140
43,Lyle,Saban,lsaban16@surveymonkey.com,568-881-9080,0 Crownhardt Drive,9/9/2021,Accounting,116149
44,Donavon,Abate,dabate17@epa.gov,465-509-5369,86 Homewood Crossing,1/1/2022,Engineering,94304
45,Frankie,Kob,fkob18@cbc.ca,992-570-4944,97709 Hagan Plaza,11/9/2021,Product Management,45086
46,Bay,Tedridge,btedridge19@arizona.edu,272-886-8378,1 Brown Court,12/2/2021,Training,85112
47,Mirabel,Ellwand,mellwand1a@dmoz.org,612-181-1990,016 Mallard Parkway,12/18/2021,Training,52910
48,Greer,Heistermann,gheistermann1b@oracle.com,125-390-7299,20 Tomscot Point,3/13/2021,Support,72836
49,Mag,Layland,mlayland1c@yellowbook.com,289-880-6597,84021 Carioca Junction,1/11/2022,Human Resources,109031
50,Ogdan,Santon,osanton1d@merriam-webster.com,245-440-4103,0577 Saint Paul Pass,2/23/2022,Product Management,132963
